About Landing Page ( C ),Google Maps,
Alumni Landing Page (Y),Gigya,
Article Detail Page (J) ,Adobe Analytics,
Boilerplate Page (AB) ,Adobe Test and Target,
Campaign Event Page (M),SOLR,
Campaign Topic Page (N),Search and Promote,
Campaigns Flex,Brightcove,
Career & Alumni Subpage,Iperceptions,
Career Subpage,ShoreLi (Social Feeds),
Careers Landing  Page (X),SmartLogic,
Contact  Page (AE),DemandBase,
Contact Detail Page (AH),Site Settings,
Contact Form Template,Managed Lists,
Content Feedback,User Permissions,
Core Page Properties - No Template,Taxonomy -  Local,
Country-Language Selector (U2),Taxonomy - Global,
Error Page - Site Error (AC),Article Primary Format Managed List,
Event Detail Page (AG),Article Type Managed List,
Events Landing Page (AF),Bussiness Owner Group Managed List,
Generic About Page Template (E),Campaigns Managed List,
Homepage  (A),Contact Type Managed List,
HTML Template,Copyright Managed List,
Industries Flex,Disclaimer Managed List,
Industries Landing Page (S),Country Managed List,
Industry Landing Page (T),Event Involvement Managed List,
Insights Flex,Event Type Managed List,
Insights Landing Page (H),Event Status Managed List,
Library,Countr Langauge List per Language,
Location Detail Page (AI),Location Type Managed List,
Login,Memberfirm Managed List,
Magazine Landing Page (I2),Privacy Policy Managed List,
Media Landing Page (K),Privacy Policy Options Managed List,
My KPMG Dashboard,Publication Series,
MyAccount,SEO priority,
MyInterest,SEO Change Frequency,
Newsletter Landing Page (J) ,SEO Mapping,
Office Locations Page (U) ,Inquiry Routings,
People Sub-Landing Page (G),Social Media Accounts,
Photo Galleries Page (V),Social Media Channels,
Press Releases Page (L),Social Media Icons,
Public List,Vanity Control Mapping,
Registration,Site Selector Mapping,
RFP Process Template,Region List,
Search Results Page (B),Personalization Configuration component,
Service Landing Page (R) ,Carousel Hero ,
Services Flex,Address Component,
Services Landing Page  (O),Promotional Component ,
Services Landing Page  (Q),Event Promo,
Site Map Page (U),News/ Online Tool Promo,
Social Landing Page (Blogs Disabled) (AJ),Contact Promo,
Social Landing Page (Blogs Enabled) (AJ),Article Carousel Component ,
Tool Page (AJ),Listing Component ,
Topic Landing Page (I),Authors Component,
Asset refresh report template,Social Channels ,
Base Template,Social Widget ,
CaaS Documentation Template,Breadcrumb Component ,
CaaS Error Template,Article and Event Filmstrip ,
Privacy Preferences,Body Text Component,
Communication Preferences,Search Input Component,
Unsubscribe Page,Facets Component,
Blogs | Template | Blog Home Page Template,Results Listing,
Blogs | Template | Blog Landing Page Template,Results Listing (No-Tabs),
Blogs | Template | Blog Details Page Template,Search Results Component,
Blogs | Template | Blog Post Template,Basic Page Title ,
Blogs | Template | Blog Error Page,Sub-Heading ,
Blogs | Template | touch-base-template-page,Article Introduction ,
Blogs | touch-blog-authordetails-template-page,Download Component,
Blogs | touch-blog-authorlanding-template-page,Enhanced Download Component,
Blogs | touch-blog-container-template-page,Share Component ,
Blogs | touch-blog-country-settings-template-page,Inline List Component ,
Blogs | touch-blog-settings-template-page,Connect and RFP ,
DDT | Template | ddt-landing-page,Sub-Navigation,
DDT | Template | base-ddt-page,Content Slider ,
Alumni Landing Page (Y),Google Maps,
Alumni Landing Page (Y),Google Maps,
Article Detail Page (J) ,Google Maps,
Boilerplate Page (AB) ,Google Maps,
Campaign Event Page (M),Google Maps,
Campaign Topic Page (N),Google Maps,
Campaigns Flex,Google Maps,
Career & Alumni Subpage,Google Maps,
Career Subpage,Google Maps,
Careers Landing  Page (X),Google Maps,
Generic About Page Template (E),Adobe Test and Target,
Homepage  (A),Adobe Test and Target,
HTML Template,Adobe Test and Target,
Industries Flex,Adobe Test and Target,
Industries Landing Page (S),Adobe Test and Target,
Industry Landing Page (T),Adobe Test and Target,
Insights Flex,Adobe Test and Target,
Insights Landing Page (H),Adobe Test and Target,
Library,Adobe Test and Target,
Location Detail Page (AI),Adobe Test and Target,
Login,Adobe Test and Target,
Magazine Landing Page (I2),Adobe Test and Target,
Media Landing Page (K),Adobe Test and Target,
Campaigns Flex,Carousel Hero ,
Career & Alumni Subpage,Carousel Hero ,
Career Subpage,Carousel Hero ,
Careers Landing  Page (X),Carousel Hero ,
Contact  Page (AE),Carousel Hero ,
Contact Detail Page (AH),Carousel Hero ,
Contact Form Template,Carousel Hero ,
Content Feedback,Carousel Hero ,
Core Page Properties - No Template,Carousel Hero ,
Country-Language Selector (U2),Carousel Hero ,
Error Page - Site Error (AC),Carousel Hero ,
Event Detail Page (AG),Carousel Hero ,
RFP Process Template,Gigya,
Search Results Page (B),Gigya,
Service Landing Page (R) ,Gigya,
Services Flex,Gigya,
Services Landing Page  (O),Gigya,
Services Landing Page  (Q),Gigya,
Site Map Page (U),Gigya,
Social Landing Page (Blogs Disabled) (AJ),Gigya,
Social Landing Page (Blogs Enabled) (AJ),Gigya,
Tool Page (AJ),Gigya,
About Landing Page ( C ),Google Maps,/xx/en/staticimage-in-general.html
About Landing Page ( C ),Google Maps,/xx/en/home/industries/financial-services.html
About Landing Page ( C ),Google Maps,/xx/en/home/insights.html
About Landing Page ( C ),Google Maps,/xx/en/home/services/advisory/digital-transformation.html
About Landing Page ( C ),Google Maps,/xx/en/home/insights/2018/05/client-story-archive.html
About Landing Page ( C ),Google Maps,/xx/en/home/insights/2018/09/nationwide-building-society-blazes-a-new-trail-with-customers.html
About Landing Page ( C ),Google Maps,/xx/en/home/insights/2018/03/an-unprecedented-collaboration.html
About Landing Page ( C ),Google Maps,/xx/en/home/insights/2019/05/tax-reimagined-in-practice.html
About Landing Page ( C ),Google Maps,/xx/en/home/insights/2018/05/general-data-protection-regulation.html
About Landing Page ( C ),Google Maps,/xx/en/home/services/advisory/risk-consulting/cyber-security-services/privacy.html
About Landing Page ( C ),Google Maps,/xx/en/home/services/advisory/risk-consulting/cyber-security-services/industrial-internet-of-things-cyber-security.html
Boilerplate Page (AB) ,Adobe Test and Target,/xx/en/staticimage-in-general.html
Boilerplate Page (AB) ,Adobe Test and Target,/xx/en/home/industries/financial-services.html
Boilerplate Page (AB) ,Adobe Test and Target,/xx/en/home/insights.html
Boilerplate Page (AB) ,Adobe Test and Target,/xx/en/home/services/advisory/digital-transformation.html
Boilerplate Page (AB) ,Adobe Test and Target,/xx/en/home/insights/2018/05/client-story-archive.html
Boilerplate Page (AB) ,Adobe Test and Target,/xx/en/home/insights/2018/09/nationwide-building-society-blazes-a-new-trail-with-customers.html
Boilerplate Page (AB) ,Adobe Test and Target,/xx/en/home/insights/2018/03/an-unprecedented-collaboration.html
Boilerplate Page (AB) ,Adobe Test and Target,/xx/en/home/insights/2019/05/tax-reimagined-in-practice.html
Boilerplate Page (AB) ,Adobe Test and Target,/xx/en/home/insights/2018/05/general-data-protection-regulation.html
Boilerplate Page (AB) ,Adobe Test and Target,/xx/en/home/services/advisory/risk-consulting/cyber-security-services/privacy.html
Boilerplate Page (AB) ,Adobe Test and Target,/xx/en/home/services/advisory/risk-consulting/cyber-security-services/industrial-internet-of-things-cyber-security.html
Campaigns Flex,Brightcove,/xx/en/home/services/advisory/digital-transformation.html
Campaigns Flex,Brightcove,/xx/en/home/insights/2018/05/client-story-archive.html
Campaigns Flex,Brightcove,/xx/en/home/insights/2018/09/nationwide-building-society-blazes-a-new-trail-with-customers.html
,,
,,
,,
,,
,,
,,
,,
,,
,,
,,
,,
,,
,,
,,
,,
,,
,,
,,
,,
,,
,,
,,
,,
,,
,,
,,
,,
,,
,,
,,
,,
,,
,,
,,
,,
,,
,,
,,
,,
,,
,,
,,
,,
,,
,,
,,
,,
,,
,,
,,
,,
,,
,,
,,
,,
,,
,,
,,
,,
,,
,,
,,
,,
,,
,,
,,
,,
,,
,,
,,
,,
,,
,,
,,
,,
,,
,,
,,
,,
,,
,,
,,
,,
,,
,,
,,
,,
,,
,,
,,
,,
,,
,,
,,
,,
,,
,,
,,
,,
,,
,,
,,
,,
,,
,,
,,
,,
