About Landing Page ( C ),Google Maps,/xx/en/staticimage-in-general.html
About Landing Page ( C ),Google Maps,/xx/en/home/industries/financial-services.html
About Landing Page ( C ),Google Maps,/xx/en/home/insights.html
About Landing Page ( C ),Google Maps,/xx/en/home/services/advisory/digital-transformation.html
About Landing Page ( C ),Google Maps,/xx/en/home/insights/2018/05/client-story-archive.html
About Landing Page ( C ),Google Maps,/xx/en/home/insights/2018/09/nationwide-building-society-blazes-a-new-trail-with-customers.html
About Landing Page ( C ),Google Maps,/xx/en/home/insights/2018/03/an-unprecedented-collaboration.html
About Landing Page ( C ),Google Maps,/xx/en/home/insights/2019/05/tax-reimagined-in-practice.html
About Landing Page ( C ),Google Maps,/xx/en/home/insights/2018/05/general-data-protection-regulation.html
About Landing Page ( C ),Google Maps,/xx/en/home/services/advisory/risk-consulting/cyber-security-services/privacy.html
About Landing Page ( C ),Google Maps,/xx/en/home/services/advisory/risk-consulting/cyber-security-services/industrial-internet-of-things-cyber-security.html
Boilerplate Page (AB) ,Adobe Test and Target,/xx/en/staticimage-in-general.html
Boilerplate Page (AB) ,Adobe Test and Target,/xx/en/home/industries/financial-services.html
Boilerplate Page (AB) ,Adobe Test and Target,/xx/en/home/insights.html
Boilerplate Page (AB) ,Adobe Test and Target,/xx/en/home/services/advisory/digital-transformation.html
Boilerplate Page (AB) ,Adobe Test and Target,/xx/en/home/insights/2018/05/client-story-archive.html
Boilerplate Page (AB) ,Adobe Test and Target,/xx/en/home/insights/2018/09/nationwide-building-society-blazes-a-new-trail-with-customers.html
Boilerplate Page (AB) ,Adobe Test and Target,/xx/en/home/insights/2018/03/an-unprecedented-collaboration.html
Boilerplate Page (AB) ,Adobe Test and Target,/xx/en/home/insights/2019/05/tax-reimagined-in-practice.html
Boilerplate Page (AB) ,Adobe Test and Target,/xx/en/home/insights/2018/05/general-data-protection-regulation.html
Boilerplate Page (AB) ,Adobe Test and Target,/xx/en/home/services/advisory/risk-consulting/cyber-security-services/privacy.html
Boilerplate Page (AB) ,Adobe Test and Target,/xx/en/home/services/advisory/risk-consulting/cyber-security-services/industrial-internet-of-things-cyber-security.html
Campaigns Flex,Brightcove,/xx/en/home/services/advisory/digital-transformation.html
Campaigns Flex,Brightcove,/xx/en/home/insights/2018/05/client-story-archive.html
Campaigns Flex,Brightcove,/xx/en/home/insights/2018/09/nationwide-building-society-blazes-a-new-trail-with-customers.html
